agent_id,agent_type,o_zone_id,d_zone_id,node_sequence
1,3,1,2,1;2;
2,3,1,3,1;3;
3,3,1,4,1;3;4;
4,3,1,5,1;3;4;5;
5,3,1,6,1;2;6;
6,3,1,6,1;3;4;5;6;
7,3,1,7,1;2;6;8;7;
8,3,1,7,1;3;4;5;9;8;7;
9,3,1,7,1;2;6;8;16;18;7;
10,3,1,8,1;2;6;8;
11,3,1,8,1;3;4;5;9;8;
12,3,1,9,1;3;4;5;9;
13,3,1,9,1;3;12;11;10;9;
14,3,1,10,1;3;4;11;10;
15,3,1,10,1;3;4;5;9;10;
16,3,1,10,1;3;12;11;10;
17,3,1,11,1;3;4;11;
18,3,1,11,1;3;12;11;
19,3,1,12,1;3;12;
20,3,1,13,1;3;12;13;
21,3,1,14,1;3;4;11;14;
22,3,1,14,1;3;12;11;14;
23,3,1,14,1;3;12;13;24;23;14;
24,3,1,15,1;3;4;11;10;15;
25,3,1,15,1;3;4;5;9;10;15;
26,3,1,15,1;3;4;11;14;15;
27,3,1,15,1;3;12;11;10;15;
28,3,1,15,1;3;12;11;14;15;
29,3,1,16,1;2;6;8;16;
30,3,1,16,1;3;4;5;9;10;16;
31,3,1,16,1;2;6;8;7;18;16;
32,3,1,16,1;3;4;5;9;8;7;18;16;
33,3,1,17,1;3;4;11;10;17;
34,3,1,17,1;3;4;5;9;10;17;
35,3,1,17,1;2;6;8;16;17;
36,3,1,17,1;3;4;5;9;10;16;17;
37,3,1,18,1;2;6;8;7;18;
38,3,1,18,1;2;6;8;16;18;
39,3,1,18,1;3;4;5;9;8;7;18;
40,3,1,18,1;3;4;5;9;10;16;18;
41,3,1,19,1;3;4;11;10;15;19;
42,3,1,19,1;3;4;5;9;10;15;19;
43,3,1,19,1;2;6;8;16;17;19;
44,3,1,19,1;3;12;11;10;15;19;
45,3,1,19,1;3;12;11;14;15;19;
46,3,1,20,1;2;6;8;7;18;20;
47,3,1,20,1;2;6;8;16;18;20;
48,3,1,20,1;3;4;5;9;8;7;18;20;
49,3,1,20,1;3;4;5;9;10;15;19;20;
50,3,1,21,1;3;12;13;24;21;
51,3,1,21,1;3;4;5;9;10;15;19;20;21;
52,3,1,22,1;3;12;11;14;15;22;
53,3,1,22,1;3;12;13;24;21;22;
54,3,1,22,1;3;12;13;24;23;22;
55,3,1,23,1;3;12;11;14;23;
56,3,1,23,1;3;12;13;24;23;
57,3,1,24,1;3;12;13;24;
58,3,2,1,2;1;
59,3,2,3,2;1;3;
60,3,2,4,2;1;3;4;
61,3,2,4,2;6;5;4;
62,3,2,5,2;6;5;
63,3,2,6,2;6;
64,3,2,7,2;6;8;7;
65,3,2,7,2;1;3;4;5;9;8;7;
66,3,2,7,2;6;8;16;18;7;
67,3,2,8,2;6;8;
68,3,2,8,2;1;3;4;5;9;8;
69,3,2,9,2;6;5;9;
70,3,2,10,2;1;3;4;11;10;
71,3,2,10,2;1;3;4;5;9;10;
72,3,2,10,2;1;3;12;11;10;
73,3,2,10,2;6;8;16;10;
74,3,2,11,2;1;3;4;11;
75,3,2,11,2;6;5;4;11;
76,3,2,11,2;1;3;12;11;
77,3,2,12,2;1;3;12;
78,3,2,13,2;1;3;12;13;
79,3,2,14,2;1;3;4;11;14;
80,3,2,14,2;6;5;4;11;14;
81,3,2,14,2;1;3;12;11;14;
82,3,2,14,2;1;3;12;13;24;23;14;
83,3,2,15,2;1;3;4;11;10;15;
84,3,2,15,2;1;3;4;5;9;10;15;
85,3,2,15,2;1;3;12;11;10;15;
86,3,2,15,2;1;3;12;11;14;15;
87,3,2,15,2;6;8;16;17;19;15;
88,3,2,15,2;6;8;7;18;20;21;22;15;
89,3,2,16,2;6;8;16;
90,3,2,16,2;6;8;7;18;16;
91,3,2,16,2;1;3;4;5;9;8;7;18;16;
92,3,2,17,2;1;3;4;11;10;17;
93,3,2,17,2;1;3;4;5;9;10;17;
94,3,2,17,2;6;8;16;17;
95,3,2,17,2;6;8;7;18;16;17;
96,3,2,19,2;1;3;4;5;9;10;15;19;
97,3,2,19,2;6;8;16;17;19;
98,3,2,19,2;6;8;7;18;20;19;
99,3,2,19,2;6;8;16;18;20;19;
100,3,2,19,2;6;8;7;18;20;21;22;15;19;
101,3,2,20,2;6;8;7;18;20;
102,3,2,20,2;6;8;16;18;20;
103,3,2,20,2;1;3;4;5;9;10;15;19;20;
104,3,2,22,2;6;8;7;18;20;22;
105,3,2,22,2;6;8;16;18;20;22;
106,3,2,22,2;1;3;12;13;24;21;22;
107,3,2,22,2;1;3;12;13;24;23;22;
108,3,2,22,2;6;8;7;18;20;21;22;
109,3,2,22,2;6;8;16;17;19;15;22;
110,3,3,1,3;1;
111,3,3,2,3;1;2;
112,3,3,4,3;4;
113,3,3,5,3;4;5;
114,3,3,6,3;1;2;6;
115,3,3,6,3;4;5;6;
116,3,3,7,3;1;2;6;8;7;
117,3,3,7,3;4;5;6;8;7;
118,3,3,7,3;4;5;9;8;7;
119,3,3,7,3;1;2;6;8;16;18;7;
120,3,3,8,3;1;2;6;8;
121,3,3,8,3;4;5;6;8;
122,3,3,8,3;4;5;9;8;
123,3,3,9,3;4;5;9;
124,3,3,9,3;12;11;10;9;
125,3,3,10,3;4;11;10;
126,3,3,10,3;4;5;9;10;
127,3,3,10,3;12;11;10;
128,3,3,11,3;4;11;
129,3,3,11,3;12;11;
130,3,3,12,3;12;
131,3,3,13,3;12;13;
132,3,3,14,3;4;11;14;
133,3,3,14,3;12;11;14;
134,3,3,14,3;12;13;24;23;14;
135,3,3,15,3;4;11;10;15;
136,3,3,15,3;4;5;9;10;15;
137,3,3,15,3;4;11;14;15;
138,3,3,15,3;12;11;10;15;
139,3,3,15,3;12;11;14;15;
140,3,3,16,3;1;2;6;8;16;
141,3,3,16,3;4;5;6;8;16;
142,3,3,16,3;4;5;9;8;16;
143,3,3,16,3;4;5;9;10;16;
144,3,3,16,3;1;2;6;8;7;18;16;
145,3,3,16,3;4;5;6;8;7;18;16;
146,3,3,16,3;4;5;9;8;7;18;16;
147,3,3,17,3;4;11;10;17;
148,3,3,17,3;4;5;9;10;17;
149,3,3,17,3;1;2;6;8;16;17;
150,3,3,17,3;12;11;10;17;
151,3,3,17,3;4;5;6;8;16;17;
152,3,3,17,3;4;5;9;10;16;17;
153,3,3,22,3;12;11;14;15;22;
154,3,3,22,3;12;13;24;21;22;
155,3,3,22,3;12;13;24;23;22;
156,3,3,23,3;12;11;14;23;
157,3,3,23,3;12;13;24;23;
158,3,4,1,4;3;1;
159,3,4,2,4;3;1;2;
160,3,4,2,4;5;6;2;
161,3,4,3,4;3;
162,3,4,5,4;5;
163,3,4,6,4;5;6;
164,3,4,7,4;5;6;8;7;
165,3,4,7,4;5;9;8;7;
166,3,4,7,4;5;6;8;16;18;7;
167,3,4,8,4;5;6;8;
168,3,4,8,4;5;9;8;
169,3,4,9,4;5;9;
170,3,4,10,4;11;10;
171,3,4,10,4;5;9;10;
172,3,4,10,4;3;12;11;10;
173,3,4,11,4;11;
174,3,4,11,4;3;12;11;
175,3,4,12,4;3;12;
176,3,4,13,4;3;12;13;
177,3,4,14,4;11;14;
178,3,4,14,4;3;12;11;14;
179,3,4,14,4;5;9;10;15;14;
180,3,4,14,4;3;12;13;24;23;14;
181,3,4,15,4;11;10;15;
182,3,4,15,4;5;9;10;15;
183,3,4,15,4;11;14;15;
184,3,4,15,4;3;12;11;14;15;
185,3,4,16,4;5;6;8;16;
186,3,4,16,4;5;9;8;16;
187,3,4,16,4;5;9;10;16;
188,3,4,16,4;5;6;8;7;18;16;
189,3,4,16,4;5;9;8;7;18;16;
190,3,4,17,4;11;10;17;
191,3,4,17,4;5;9;10;17;
192,3,4,17,4;5;6;8;16;17;
193,3,4,17,4;5;9;10;16;17;
194,3,4,18,4;5;6;8;7;18;
195,3,4,18,4;5;9;8;7;18;
196,3,4,18,4;5;6;8;16;18;
197,3,4,18,4;5;9;10;16;18;
198,3,4,19,4;11;10;15;19;
199,3,4,19,4;5;9;10;15;19;
200,3,4,19,4;5;6;8;16;17;19;
201,3,4,19,4;3;12;11;14;15;19;
202,3,4,20,4;5;6;8;7;18;20;
203,3,4,20,4;5;9;8;7;18;20;
204,3,4,20,4;5;6;8;16;18;20;
205,3,4,20,4;5;9;10;15;19;20;
206,3,4,21,4;3;12;13;24;21;
207,3,4,21,4;5;9;10;15;19;20;21;
208,3,4,22,4;5;9;10;15;22;
209,3,4,22,4;11;14;15;22;
210,3,4,22,4;3;12;11;14;15;22;
211,3,4,22,4;3;12;13;24;21;22;
212,3,4,22,4;3;12;13;24;23;22;
213,3,4,22,4;5;9;10;15;19;20;22;
214,3,4,23,4;11;14;23;
215,3,4,23,4;3;12;11;14;23;
216,3,4,23,4;3;12;13;24;23;
217,3,4,24,4;3;12;13;24;
218,3,5,1,5;4;3;1;
219,3,5,2,5;6;2;
220,3,5,3,5;4;3;
221,3,5,4,5;4;
222,3,5,6,5;6;
223,3,5,7,5;6;8;7;
224,3,5,7,5;9;8;7;
225,3,5,7,5;6;8;16;18;7;
226,3,5,8,5;6;8;
227,3,5,8,5;9;8;
228,3,5,9,5;9;
229,3,5,10,5;9;10;
230,3,5,10,5;4;3;12;11;10;
231,3,5,11,5;4;11;
232,3,5,11,5;4;3;12;11;
233,3,5,12,5;4;3;12;
234,3,5,13,5;4;3;12;13;
235,3,5,14,5;4;11;14;
236,3,5,14,5;4;3;12;11;14;
237,3,5,14,5;9;10;15;14;
238,3,5,14,5;4;3;12;13;24;23;14;
239,3,5,15,5;9;10;15;
240,3,5,15,5;4;3;12;11;14;15;
241,3,5,16,5;6;8;16;
242,3,5,16,5;9;8;16;
243,3,5,16,5;9;10;16;
244,3,5,16,5;6;8;7;18;16;
245,3,5,16,5;9;8;7;18;16;
246,3,5,17,5;9;10;17;
247,3,5,17,5;6;8;16;17;
248,3,5,17,5;9;10;16;17;
249,3,5,19,5;9;10;15;19;
250,3,5,19,5;6;8;16;17;19;
251,3,5,20,5;6;8;7;18;20;
252,3,5,20,5;9;8;7;18;20;
253,3,5,20,5;6;8;16;18;20;
254,3,5,20,5;9;10;15;19;20;
255,3,5,21,5;4;3;12;13;24;21;
256,3,5,21,5;9;10;15;22;21;
257,3,5,21,5;6;8;7;18;20;21;
258,3,5,21,5;9;10;15;19;20;21;
259,3,5,22,5;9;10;15;22;
260,3,5,22,5;4;3;12;11;14;15;22;
261,3,5,22,5;9;10;15;19;20;22;
262,3,5,22,5;4;3;12;13;24;21;22;
263,3,5,22,5;4;3;12;13;24;23;22;
264,3,5,22,5;6;8;7;18;20;21;22;
265,3,5,23,5;4;11;14;23;
266,3,5,23,5;4;3;12;11;14;23;
267,3,5,23,5;4;3;12;13;24;23;
268,3,6,1,6;2;1;
269,3,6,2,6;2;
270,3,6,3,6;2;1;3;
271,3,6,3,6;5;4;3;
272,3,6,4,6;5;4;
273,3,6,5,6;5;
274,3,6,7,6;8;7;
275,3,6,7,6;5;9;8;7;
276,3,6,7,6;8;16;18;7;
277,3,6,8,6;8;
278,3,6,8,6;5;9;8;
279,3,6,9,6;5;9;
280,3,6,10,6;5;9;10;
281,3,6,10,6;8;16;10;
282,3,6,10,6;2;1;3;12;11;10;
283,3,6,11,6;5;4;11;
284,3,6,11,6;2;1;3;12;11;
285,3,6,11,6;5;4;3;12;11;
286,3,6,12,6;2;1;3;12;
287,3,6,12,6;5;4;3;12;
288,3,6,13,6;2;1;3;12;13;
289,3,6,13,6;5;4;3;12;13;
290,3,6,14,6;5;4;11;14;
291,3,6,14,6;2;1;3;12;11;14;
292,3,6,14,6;5;4;3;12;11;14;
293,3,6,14,6;5;9;10;15;14;
294,3,6,14,6;2;1;3;12;13;24;23;14;
295,3,6,14,6;5;4;3;12;13;24;23;14;
296,3,6,14,6;8;7;18;20;21;24;23;14;
297,3,6,15,6;5;9;10;15;
298,3,6,15,6;8;16;17;19;15;
299,3,6,15,6;8;7;18;20;19;15;
300,3,6,15,6;8;7;18;20;21;22;15;
301,3,6,16,6;8;16;
302,3,6,16,6;8;7;18;16;
303,3,6,16,6;5;9;8;7;18;16;
304,3,6,17,6;5;9;10;17;
305,3,6,17,6;8;16;17;
306,3,6,17,6;8;7;18;16;17;
307,3,6,18,6;8;7;18;
308,3,6,18,6;8;16;18;
309,3,6,18,6;5;9;8;7;18;
310,3,6,19,6;5;9;10;15;19;
311,3,6,19,6;8;16;17;19;
312,3,6,19,6;8;7;18;20;19;
313,3,6,19,6;8;16;18;20;19;
314,3,6,19,6;8;7;18;20;21;22;15;19;
315,3,6,20,6;8;7;18;20;
316,3,6,20,6;8;16;18;20;
317,3,6,20,6;5;9;10;15;19;20;
318,3,6,21,6;8;7;18;20;21;
319,3,6,21,6;5;4;3;12;13;24;21;
320,3,6,21,6;8;16;18;20;21;
321,3,6,21,6;5;9;10;15;19;20;21;
322,3,6,22,6;8;7;18;20;22;
323,3,6,22,6;8;16;18;20;22;
324,3,6,22,6;8;7;18;20;21;22;
325,3,6,22,6;8;16;17;19;15;22;
326,3,6,22,6;2;1;3;12;13;24;23;22;
327,3,6,22,6;5;9;10;15;19;20;22;
328,3,6,22,6;5;4;3;12;13;24;23;22;
329,3,6,23,6;5;4;11;14;23;
330,3,6,23,6;5;4;3;12;11;14;23;
331,3,6,23,6;2;1;3;12;13;24;23;
332,3,6,23,6;5;4;3;12;13;24;23;
333,3,6,23,6;8;7;18;20;21;24;23;
334,3,6,24,6;2;1;3;12;13;24;
335,3,6,24,6;5;4;3;12;13;24;
336,3,6,24,6;8;7;18;20;21;24;
337,3,7,1,7;8;6;2;1;
338,3,7,1,7;8;9;5;4;3;1;
339,3,7,1,7;18;16;8;6;2;1;
340,3,7,2,7;8;6;2;
341,3,7,2,7;8;9;5;4;3;1;2;
342,3,7,2,7;18;16;8;6;2;
343,3,7,3,7;8;6;2;1;3;
344,3,7,3,7;8;6;5;4;3;
345,3,7,3,7;8;9;5;4;3;
346,3,7,3,7;18;16;8;6;5;4;3;
347,3,7,3,7;18;16;10;9;5;4;3;
348,3,7,4,7;8;6;5;4;
349,3,7,4,7;8;9;5;4;
350,3,7,4,7;18;16;8;6;5;4;
351,3,7,4,7;18;16;10;9;5;4;
352,3,7,5,7;8;6;5;
353,3,7,5,7;8;9;5;
354,3,7,5,7;18;16;8;6;5;
355,3,7,5,7;18;16;10;9;5;
356,3,7,6,7;8;6;
357,3,7,6,7;8;9;5;6;
358,3,7,6,7;18;16;8;6;
359,3,7,8,7;8;
360,3,7,8,7;18;16;8;
361,3,7,9,7;8;9;
362,3,7,9,7;8;6;5;9;
363,3,7,9,7;18;16;10;9;
364,3,7,9,7;18;16;8;6;5;9;
365,3,7,10,7;8;9;10;
366,3,7,10,7;18;16;10;
367,3,7,10,7;18;16;17;10;
368,3,7,10,7;18;20;21;22;15;10;
369,3,7,11,7;8;9;5;4;11;
370,3,7,11,7;8;9;10;11;
371,3,7,11,7;8;6;2;1;3;12;11;
372,3,7,11,7;18;16;10;11;
373,3,7,11,7;18;16;17;10;11;
374,3,7,11,7;18;16;17;19;15;14;11;
375,3,7,12,7;8;6;2;1;3;12;
376,3,7,12,7;8;6;5;4;3;12;
377,3,7,12,7;8;9;5;4;3;12;
378,3,7,12,7;18;16;8;6;5;4;3;12;
379,3,7,12,7;18;16;10;9;5;4;3;12;
380,3,7,13,7;8;6;2;1;3;12;13;
381,3,7,13,7;8;6;5;4;3;12;13;
382,3,7,13,7;8;9;5;4;3;12;13;
383,3,7,13,7;18;16;8;6;5;4;3;12;13;
384,3,7,13,7;18;20;21;24;13;
385,3,7,13,7;18;20;22;23;24;13;
386,3,7,14,7;18;20;19;15;14;
387,3,7,14,7;18;20;22;23;14;
388,3,7,14,7;18;16;17;19;15;14;
389,3,7,14,7;18;20;21;22;15;14;
390,3,7,14,7;18;20;21;24;23;14;
391,3,7,15,7;18;20;19;15;
392,3,7,15,7;18;20;22;15;
393,3,7,15,7;18;16;17;19;15;
394,3,7,15,7;18;20;21;22;15;
395,3,7,16,7;18;16;
396,3,7,17,7;8;9;10;17;
397,3,7,17,7;18;16;17;
398,3,7,18,7;18;
399,3,7,19,7;18;20;19;
400,3,7,19,7;18;16;17;19;
401,3,7,19,7;18;20;21;22;15;19;
402,3,7,20,7;18;20;
403,3,7,21,7;18;20;21;
404,3,7,21,7;18;20;22;21;
405,3,7,21,7;18;16;17;19;15;22;23;24;21;
406,3,7,22,7;18;20;22;
407,3,7,22,7;18;20;21;22;
408,3,7,22,7;18;16;17;19;15;22;
409,3,7,23,7;18;20;22;23;
410,3,7,23,7;18;20;21;24;23;
411,3,7,23,7;18;16;17;19;15;14;23;
412,3,7,23,7;18;16;17;19;15;22;23;
413,3,7,24,7;18;20;21;24;
414,3,7,24,7;18;20;22;23;24;
415,3,7,24,7;18;16;17;19;15;22;23;24;
416,3,8,1,8;6;2;1;
417,3,8,1,8;9;5;4;3;1;
418,3,8,2,8;6;2;
419,3,8,2,8;9;5;4;3;1;2;
420,3,8,3,8;6;2;1;3;
421,3,8,3,8;6;5;4;3;
422,3,8,3,8;9;5;4;3;
423,3,8,4,8;6;5;4;
424,3,8,4,8;9;5;4;
425,3,8,5,8;6;5;
426,3,8,5,8;9;5;
427,3,8,6,8;6;
428,3,8,6,8;9;5;6;
429,3,8,7,8;7;
430,3,8,7,8;16;18;7;
431,3,8,9,8;9;
432,3,8,9,8;6;5;9;
433,3,8,9,8;16;10;9;
434,3,8,10,8;9;10;
435,3,8,10,8;16;10;
436,3,8,10,8;6;2;1;3;12;11;10;
437,3,8,10,8;7;18;16;10;
438,3,8,11,8;6;5;4;11;
439,3,8,11,8;9;5;4;11;
440,3,8,11,8;9;10;11;
441,3,8,11,8;6;2;1;3;12;11;
442,3,8,11,8;16;10;11;
443,3,8,11,8;6;5;4;3;12;11;
444,3,8,12,8;6;2;1;3;12;
445,3,8,12,8;6;5;4;3;12;
446,3,8,12,8;9;5;4;3;12;
447,3,8,13,8;6;2;1;3;12;13;
448,3,8,13,8;6;5;4;3;12;13;
449,3,8,13,8;9;5;4;3;12;13;
450,3,8,14,8;6;2;1;3;12;11;14;
451,3,8,14,8;16;17;19;15;14;
452,3,8,14,8;7;18;20;19;15;14;
453,3,8,14,8;16;18;20;19;15;14;
454,3,8,14,8;7;18;20;22;23;14;
455,3,8,14,8;16;18;20;22;23;14;
456,3,8,14,8;7;18;20;21;24;23;14;
457,3,8,15,8;16;17;19;15;
458,3,8,15,8;7;18;20;19;15;
459,3,8,15,8;7;18;20;22;15;
460,3,8,15,8;16;18;20;19;15;
461,3,8,15,8;7;18;20;21;22;15;
462,3,8,16,8;16;
463,3,8,16,8;7;18;16;
464,3,8,17,8;16;17;
465,3,8,17,8;9;10;17;
466,3,8,17,8;7;18;16;17;
467,3,8,18,8;7;18;
468,3,8,18,8;16;18;
469,3,8,19,8;16;17;19;
470,3,8,19,8;7;18;20;19;
471,3,8,19,8;16;18;20;19;
472,3,8,19,8;7;18;20;21;22;15;19;
473,3,8,20,8;7;18;20;
474,3,8,20,8;16;18;20;
475,3,8,21,8;7;18;20;21;
476,3,8,21,8;16;18;20;21;
477,3,8,21,8;6;5;4;3;12;13;24;21;
478,3,8,21,8;7;18;20;22;21;
479,3,8,22,8;7;18;20;22;
480,3,8,22,8;16;18;20;22;
481,3,8,22,8;7;18;20;21;22;
482,3,8,22,8;16;17;19;15;22;
483,3,8,23,8;7;18;20;22;23;
484,3,8,23,8;16;18;20;22;23;
485,3,8,23,8;16;17;19;15;14;23;
486,3,8,23,8;16;17;19;15;22;23;
487,3,8,23,8;7;18;20;21;24;23;
488,3,8,23,8;16;18;20;21;24;23;
489,3,8,24,8;6;5;4;3;12;13;24;
490,3,8,24,8;7;18;20;21;24;
491,3,8,24,8;16;18;20;21;24;
492,3,8,24,8;7;18;20;22;23;24;
493,3,9,1,9;5;4;3;1;
494,3,9,1,9;10;11;12;3;1;
495,3,9,2,9;5;6;2;
496,3,9,2,9;10;11;12;3;1;2;
497,3,9,3,9;5;4;3;
498,3,9,3,9;10;11;12;3;
499,3,9,4,9;5;4;
500,3,9,4,9;10;11;12;3;4;
501,3,9,5,9;5;
502,3,9,5,9;10;11;12;3;4;5;
503,3,9,6,9;5;6;
504,3,9,6,9;10;11;12;3;1;2;6;
505,3,9,7,9;8;7;
506,3,9,7,9;10;16;18;7;
507,3,9,7,9;10;11;12;3;1;2;6;8;7;
508,3,9,8,9;8;
509,3,9,8,9;5;6;8;
510,3,9,8,9;10;11;12;3;1;2;6;8;
511,3,9,10,9;10;
512,3,9,11,9;5;4;11;
513,3,9,11,9;10;11;
514,3,9,12,9;5;4;3;12;
515,3,9,12,9;10;11;12;
516,3,9,13,9;5;4;3;12;13;
517,3,9,13,9;10;11;12;13;
518,3,9,14,9;10;11;14;
519,3,9,14,9;10;15;14;
520,3,9,15,9;10;15;
521,3,9,15,9;10;11;14;15;
522,3,9,16,9;8;16;
523,3,9,16,9;10;16;
524,3,9,16,9;8;7;18;16;
525,3,9,16,9;10;11;12;3;1;2;6;8;16;
526,3,9,17,9;10;17;
527,3,9,17,9;10;16;17;
528,3,9,18,9;8;7;18;
529,3,9,18,9;10;16;18;
530,3,9,18,9;10;11;14;15;22;21;20;18;
531,3,9,19,9;10;15;19;
532,3,9,19,9;10;16;17;19;
533,3,9,19,9;10;11;14;15;19;
534,3,9,20,9;8;7;18;20;
535,3,9,20,9;10;16;18;20;
536,3,9,20,9;10;11;14;15;22;21;20;
537,3,9,21,9;10;15;22;21;
538,3,9,21,9;5;4;3;12;13;24;21;
539,3,9,21,9;10;15;19;20;21;
540,3,9,21,9;10;11;14;15;22;21;
541,3,9,21,9;10;11;14;23;24;21;
542,3,9,22,9;10;15;22;
543,3,9,22,9;10;11;14;15;22;
544,3,9,22,9;10;15;19;20;22;
545,3,9,23,9;10;11;14;23;
546,3,9,23,9;10;15;14;23;
547,3,9,23,9;10;15;22;23;
548,3,9,23,9;10;15;19;20;22;23;
549,3,9,23,9;10;15;22;21;24;23;
550,3,9,24,9;5;4;3;12;13;24;
551,3,9,24,9;10;11;14;23;24;
552,3,9,24,9;10;15;22;21;24;
553,3,9,24,9;10;11;14;15;22;21;24;
554,3,9,24,9;10;15;19;20;22;23;24;
555,3,10,1,10;11;4;3;1;
556,3,10,1,10;9;5;4;3;1;
557,3,10,1,10;11;12;3;1;
558,3,10,2,10;11;4;3;1;2;
559,3,10,2,10;9;5;4;3;1;2;
560,3,10,2,10;11;12;3;1;2;
561,3,10,2,10;16;8;6;2;
562,3,10,3,10;11;4;3;
563,3,10,3,10;9;5;4;3;
564,3,10,3,10;11;12;3;
565,3,10,4,10;11;4;
566,3,10,4,10;9;5;4;
567,3,10,4,10;11;12;3;4;
568,3,10,5,10;9;5;
569,3,10,5,10;11;4;5;
570,3,10,5,10;11;12;3;4;5;
571,3,10,6,10;9;5;6;
572,3,10,6,10;11;4;5;6;
573,3,10,6,10;16;8;6;
574,3,10,6,10;11;12;3;1;2;6;
575,3,10,7,10;9;8;7;
576,3,10,7,10;16;18;7;
577,3,10,7,10;11;12;3;1;2;6;8;7;
578,3,10,8,10;9;8;
579,3,10,8,10;16;8;
580,3,10,8,10;11;12;3;1;2;6;8;
581,3,10,9,10;9;
582,3,10,11,10;11;
583,3,10,11,10;9;5;4;11;
584,3,10,12,10;11;12;
585,3,10,12,10;9;5;4;3;12;
586,3,10,13,10;11;12;13;
587,3,10,13,10;9;5;4;3;12;13;
588,3,10,14,10;11;14;
589,3,10,14,10;15;14;
590,3,10,15,10;15;
591,3,10,15,10;11;14;15;
592,3,10,16,10;16;
593,3,10,16,10;17;16;
594,3,10,16,10;11;12;3;1;2;6;8;16;
595,3,10,16,10;9;8;7;18;16;
596,3,10,16,10;15;19;20;18;16;
597,3,10,16,10;15;22;21;20;18;16;
598,3,10,17,10;17;
599,3,10,17,10;16;17;
600,3,10,18,10;16;18;
601,3,10,18,10;9;8;7;18;
602,3,10,18,10;17;16;18;
603,3,10,18,10;15;19;20;18;
604,3,10,18,10;15;22;21;20;18;
605,3,10,18,10;11;14;15;22;21;20;18;
606,3,10,19,10;15;19;
607,3,10,19,10;16;17;19;
608,3,10,19,10;11;14;15;19;
609,3,10,20,10;16;18;20;
610,3,10,20,10;9;8;7;18;20;
611,3,10,20,10;15;22;21;20;
612,3,10,20,10;11;14;15;22;21;20;
613,3,10,21,10;15;22;21;
614,3,10,21,10;15;19;20;21;
615,3,10,21,10;11;14;15;22;21;
616,3,10,21,10;11;14;23;24;21;
617,3,10,21,10;15;22;23;24;21;
618,3,10,22,10;15;22;
619,3,10,22,10;11;14;15;22;
620,3,10,22,10;15;19;20;22;
621,3,10,23,10;11;14;23;
622,3,10,23,10;15;14;23;
623,3,10,23,10;15;22;23;
624,3,10,23,10;15;19;20;22;23;
625,3,10,23,10;15;22;21;24;23;
626,3,10,24,10;11;14;23;24;
627,3,10,24,10;15;14;23;24;
628,3,10,24,10;15;22;21;24;
629,3,10,24,10;15;22;23;24;
630,3,10,24,10;11;14;15;22;21;24;
631,3,10,24,10;15;19;20;22;23;24;
632,3,11,1,11;4;3;1;
633,3,11,1,11;12;3;1;
634,3,11,2,11;4;3;1;2;
635,3,11,2,11;4;5;6;2;
636,3,11,2,11;12;3;1;2;
637,3,11,3,11;4;3;
638,3,11,3,11;12;3;
639,3,11,4,11;4;
640,3,11,4,11;12;3;4;
641,3,11,5,11;4;5;
642,3,11,5,11;12;3;4;5;
643,3,11,6,11;4;5;6;
644,3,11,6,11;12;3;1;2;6;
645,3,11,7,11;4;5;6;8;7;
646,3,11,7,11;4;5;9;8;7;
647,3,11,7,11;10;9;8;7;
648,3,11,7,11;12;3;1;2;6;8;7;
649,3,11,7,11;10;16;18;7;
650,3,11,8,11;4;5;6;8;
651,3,11,8,11;4;5;9;8;
652,3,11,8,11;10;9;8;
653,3,11,8,11;12;3;1;2;6;8;
654,3,11,8,11;10;16;8;
655,3,11,9,11;4;5;9;
656,3,11,9,11;10;9;
657,3,11,10,11;10;
658,3,11,12,11;12;
659,3,11,12,11;4;3;12;
660,3,11,13,11;12;13;
661,3,11,13,11;4;3;12;13;
662,3,11,14,11;14;
663,3,11,14,11;10;15;14;
664,3,11,15,11;10;15;
665,3,11,15,11;14;15;
666,3,11,16,11;10;16;
667,3,11,16,11;10;17;16;
668,3,11,16,11;12;3;1;2;6;8;16;
669,3,11,16,11;4;5;6;8;7;18;16;
670,3,11,16,11;4;5;9;8;7;18;16;
671,3,11,16,11;10;9;8;7;18;16;
672,3,11,17,11;10;17;
673,3,11,17,11;10;16;17;
674,3,11,17,11;14;15;19;17;
675,3,11,18,11;10;16;18;
676,3,11,18,11;4;5;6;8;7;18;
677,3,11,18,11;4;5;9;8;7;18;
678,3,11,18,11;10;9;8;7;18;
679,3,11,18,11;10;17;16;18;
680,3,11,18,11;14;15;22;21;20;18;
681,3,11,19,11;10;15;19;
682,3,11,19,11;14;15;19;
683,3,11,20,11;10;15;19;20;
684,3,11,20,11;14;15;19;20;
685,3,11,20,11;10;9;8;7;18;20;
686,3,11,20,11;10;15;22;21;20;
687,3,11,20,11;14;15;22;21;20;
688,3,11,21,11;10;15;22;21;
689,3,11,21,11;12;13;24;21;
690,3,11,21,11;14;15;22;21;
691,3,11,21,11;4;3;12;13;24;21;
692,3,11,21,11;14;23;24;21;
693,3,11,21,11;10;15;19;20;21;
694,3,11,22,11;10;15;22;
695,3,11,22,11;14;15;22;
696,3,11,22,11;14;23;22;
697,3,11,22,11;10;15;19;20;22;
698,3,11,23,11;14;23;
699,3,11,23,11;4;3;12;13;24;23;
700,3,11,24,11;12;13;24;
701,3,11,24,11;4;3;12;13;24;
702,3,11,24,11;14;23;24;
703,3,11,24,11;14;15;22;21;24;
704,3,12,1,12;3;1;
705,3,12,2,12;3;1;2;
706,3,12,3,12;3;
707,3,12,4,12;3;4;
708,3,12,5,12;3;4;5;
709,3,12,6,12;3;1;2;6;
710,3,12,6,12;3;4;5;6;
711,3,12,7,12;3;1;2;6;8;7;
712,3,12,7,12;3;4;5;6;8;7;
713,3,12,7,12;3;4;5;9;8;7;
714,3,12,7,12;3;1;2;6;8;16;18;7;
715,3,12,8,12;3;1;2;6;8;
716,3,12,8,12;3;4;5;6;8;
717,3,12,8,12;3;4;5;9;8;
718,3,12,9,12;3;4;5;9;
719,3,12,9,12;11;10;9;
720,3,12,10,12;11;10;
721,3,12,10,12;3;4;11;10;
722,3,12,10,12;3;4;5;9;10;
723,3,12,11,12;11;
724,3,12,11,12;3;4;11;
725,3,12,13,12;13;
726,3,12,14,12;11;14;
727,3,12,14,12;13;24;23;14;
728,3,12,15,12;11;10;15;
729,3,12,15,12;11;14;15;
730,3,12,15,12;3;4;11;10;15;
731,3,12,15,12;3;4;5;9;10;15;
732,3,12,15,12;13;24;23;22;15;
733,3,12,16,12;3;1;2;6;8;16;
734,3,12,16,12;11;10;16;
735,3,12,16,12;3;4;5;6;8;16;
736,3,12,16,12;3;4;5;9;8;16;
737,3,12,16,12;3;4;5;9;10;16;
738,3,12,16,12;3;1;2;6;8;7;18;16;
739,3,12,16,12;3;4;5;6;8;7;18;16;
740,3,12,16,12;3;4;5;9;8;7;18;16;
741,3,12,16,12;13;24;21;20;18;16;
742,3,12,17,12;11;10;17;
743,3,12,17,12;3;4;11;10;17;
744,3,12,17,12;3;4;5;9;10;17;
745,3,12,17,12;3;1;2;6;8;16;17;
746,3,12,17,12;11;10;16;17;
747,3,12,17,12;3;4;5;9;10;16;17;
748,3,12,17,12;11;14;15;19;17;
749,3,12,18,12;3;1;2;6;8;7;18;
750,3,12,18,12;3;4;5;6;8;7;18;
751,3,12,18,12;3;4;5;9;8;7;18;
752,3,12,18,12;11;10;16;18;
753,3,12,18,12;3;4;5;6;8;16;18;
754,3,12,18,12;3;4;5;9;10;16;18;
755,3,12,18,12;13;24;21;20;18;
756,3,12,19,12;11;10;15;19;
757,3,12,19,12;11;14;15;19;
758,3,12,19,12;3;4;11;10;15;19;
759,3,12,19,12;3;4;5;9;10;15;19;
760,3,12,19,12;13;24;23;22;15;19;
761,3,12,20,12;3;1;2;6;8;7;18;20;
762,3,12,20,12;3;1;2;6;8;16;18;20;
763,3,12,20,12;13;24;21;20;
764,3,12,20,12;3;4;5;9;10;16;18;20;
765,3,12,20,12;13;24;23;22;20;
766,3,12,21,12;13;24;21;
767,3,12,21,12;13;24;23;22;20;21;
768,3,12,22,12;11;14;15;22;
769,3,12,22,12;13;24;21;22;
770,3,12,22,12;13;24;23;22;
771,3,12,23,12;11;14;23;
772,3,12,23,12;13;24;23;
773,3,12,24,12;13;24;
774,3,13,1,13;12;3;1;
775,3,13,2,13;12;3;1;2;
776,3,13,3,13;12;3;
777,3,13,4,13;12;3;4;
778,3,13,5,13;12;3;4;5;
779,3,13,6,13;12;3;1;2;6;
780,3,13,6,13;12;3;4;5;6;
781,3,13,7,13;12;3;1;2;6;8;7;
782,3,13,7,13;12;3;4;5;6;8;7;
783,3,13,7,13;12;3;4;5;9;8;7;
784,3,13,7,13;12;3;1;2;6;8;16;18;7;
785,3,13,7,13;24;21;20;18;7;
786,3,13,8,13;12;3;1;2;6;8;
787,3,13,8,13;12;3;4;5;6;8;
788,3,13,8,13;12;3;4;5;9;8;
789,3,13,9,13;12;3;4;5;9;
790,3,13,9,13;12;11;10;9;
791,3,13,10,13;12;11;10;
792,3,13,10,13;12;3;4;11;10;
793,3,13,10,13;12;3;4;5;9;10;
794,3,13,11,13;12;11;
795,3,13,11,13;12;3;4;11;
796,3,13,12,13;12;
797,3,13,14,13;12;11;14;
798,3,13,14,13;24;23;14;
799,3,13,15,13;12;11;10;15;
800,3,13,15,13;12;11;14;15;
801,3,13,15,13;12;3;4;5;9;10;15;
802,3,13,15,13;24;23;14;15;
803,3,13,15,13;24;21;22;15;
804,3,13,15,13;24;23;22;15;
805,3,13,16,13;12;3;1;2;6;8;16;
806,3,13,16,13;12;11;10;16;
807,3,13,16,13;12;3;4;5;6;8;16;
808,3,13,16,13;12;3;4;5;9;10;16;
809,3,13,16,13;12;3;4;5;6;8;7;18;16;
810,3,13,16,13;12;3;4;5;9;8;7;18;16;
811,3,13,16,13;24;21;20;18;16;
812,3,13,16,13;24;23;22;20;18;16;
813,3,13,17,13;12;11;10;17;
814,3,13,17,13;12;3;4;11;10;17;
815,3,13,17,13;12;3;4;5;9;10;17;
816,3,13,17,13;12;3;1;2;6;8;16;17;
817,3,13,17,13;12;11;14;15;19;17;
818,3,13,17,13;24;21;22;15;19;17;
819,3,13,17,13;24;23;22;15;19;17;
820,3,13,18,13;12;3;1;2;6;8;7;18;
821,3,13,18,13;12;3;4;5;6;8;7;18;
822,3,13,18,13;12;3;1;2;6;8;16;18;
823,3,13,18,13;12;3;4;5;9;10;16;18;
824,3,13,18,13;24;21;20;18;
825,3,13,18,13;24;23;22;20;18;
826,3,13,19,13;12;11;10;15;19;
827,3,13,19,13;12;11;14;15;19;
828,3,13,19,13;12;3;4;5;9;10;15;19;
829,3,13,19,13;24;23;14;15;19;
830,3,13,19,13;24;21;22;15;19;
831,3,13,19,13;24;23;22;15;19;
832,3,13,20,13;24;21;20;
833,3,13,20,13;12;3;1;2;6;8;16;18;20;
834,3,13,20,13;24;23;22;20;
835,3,13,20,13;12;3;4;5;9;10;16;18;20;
836,3,13,21,13;24;21;
837,3,13,21,13;24;23;22;20;21;
838,3,13,22,13;24;21;22;
839,3,13,22,13;24;23;22;
840,3,13,23,13;24;23;
841,3,13,23,13;12;11;14;23;
842,3,13,24,13;24;
843,3,14,1,14;11;4;3;1;
844,3,14,1,14;11;12;3;1;
845,3,14,1,14;23;24;13;12;3;1;
846,3,14,2,14;11;4;3;1;2;
847,3,14,2,14;11;4;5;6;2;
848,3,14,2,14;11;12;3;1;2;
849,3,14,2,14;23;24;13;12;3;1;2;
850,3,14,3,14;11;4;3;
851,3,14,3,14;11;12;3;
852,3,14,3,14;23;24;13;12;3;
853,3,14,4,14;11;4;
854,3,14,4,14;11;12;3;4;
855,3,14,4,14;23;24;13;12;3;4;
856,3,14,5,14;11;4;5;
857,3,14,5,14;11;12;3;4;5;
858,3,14,5,14;15;10;9;5;
859,3,14,5,14;23;24;13;12;3;4;5;
860,3,14,6,14;11;4;5;6;
861,3,14,6,14;11;12;3;1;2;6;
862,3,14,6,14;23;24;13;12;3;1;2;6;
863,3,14,6,14;23;24;13;12;3;4;5;6;
864,3,14,7,14;11;10;16;18;7;
865,3,14,7,14;15;19;20;18;7;
866,3,14,7,14;23;22;20;18;7;
867,3,14,7,14;15;19;17;16;18;7;
868,3,14,7,14;15;22;21;20;18;7;
869,3,14,7,14;23;24;21;20;18;7;
870,3,14,8,14;11;12;3;1;2;6;8;
871,3,14,8,14;11;10;16;8;
872,3,14,8,14;15;19;17;16;8;
873,3,14,8,14;15;19;20;18;7;8;
874,3,14,8,14;15;19;20;18;16;8;
875,3,14,8,14;23;22;20;18;7;8;
876,3,14,8,14;23;24;21;20;18;7;8;
877,3,14,9,14;11;10;9;
878,3,14,9,14;15;10;9;
879,3,14,9,14;23;22;15;10;9;
880,3,14,9,14;23;24;13;12;3;4;5;9;
881,3,14,10,14;11;10;
882,3,14,10,14;15;10;
883,3,14,10,14;23;22;15;10;
884,3,14,11,14;11;
885,3,14,11,14;23;24;13;12;3;4;11;
886,3,14,12,14;11;12;
887,3,14,12,14;11;4;3;12;
888,3,14,12,14;23;24;13;12;
889,3,14,13,14;11;12;13;
890,3,14,13,14;11;4;3;12;13;
891,3,14,13,14;23;24;13;
892,3,14,15,14;15;
893,3,14,15,14;23;22;15;
894,3,14,16,14;11;10;16;
895,3,14,16,14;15;19;17;16;
896,3,14,16,14;15;19;20;18;16;
897,3,14,16,14;23;22;20;18;16;
898,3,14,16,14;15;22;21;20;18;16;
899,3,14,16,14;23;24;21;20;18;16;
900,3,14,17,14;15;10;17;
901,3,14,17,14;15;19;17;
902,3,14,17,14;23;22;15;19;17;
903,3,14,18,14;11;10;16;18;
904,3,14,18,14;15;19;20;18;
905,3,14,18,14;23;22;20;18;
906,3,14,18,14;15;19;17;16;18;
907,3,14,18,14;15;22;21;20;18;
908,3,14,18,14;23;24;21;20;18;
909,3,14,19,14;15;19;
910,3,14,19,14;23;22;15;19;
911,3,14,19,14;23;22;20;19;
912,3,14,20,14;15;19;20;
913,3,14,20,14;23;22;20;
914,3,14,20,14;15;22;21;20;
915,3,14,20,14;23;24;21;20;
916,3,14,20,14;15;19;17;16;18;20;
917,3,14,21,14;15;22;21;
918,3,14,21,14;23;24;21;
919,3,14,21,14;23;22;20;21;
920,3,14,22,14;15;22;
921,3,14,22,14;23;22;
922,3,14,23,14;23;
923,3,14,24,14;23;24;
924,3,14,24,14;15;22;21;24;
925,3,15,1,15;10;11;4;3;1;
926,3,15,1,15;10;9;5;4;3;1;
927,3,15,1,15;14;11;4;3;1;
928,3,15,1,15;10;11;12;3;1;
929,3,15,1,15;14;11;12;3;1;
930,3,15,1,15;22;23;24;13;12;3;1;
931,3,15,2,15;10;11;4;3;1;2;
932,3,15,2,15;10;9;5;4;3;1;2;
933,3,15,2,15;19;17;16;8;6;2;
934,3,15,2,15;22;21;20;18;7;8;6;2;
935,3,15,3,15;10;11;4;3;
936,3,15,3,15;10;9;5;4;3;
937,3,15,3,15;14;11;4;3;
938,3,15,3,15;10;11;12;3;
939,3,15,3,15;14;11;12;3;
940,3,15,3,15;22;23;24;13;12;3;
941,3,15,4,15;10;11;4;
942,3,15,4,15;10;9;5;4;
943,3,15,4,15;14;11;4;
944,3,15,4,15;14;11;12;3;4;
945,3,15,5,15;10;9;5;
946,3,15,5,15;10;11;4;5;
947,3,15,5,15;14;11;4;5;
948,3,15,5,15;14;11;12;3;4;5;
949,3,15,6,15;10;9;5;6;
950,3,15,6,15;19;17;16;8;6;
951,3,15,6,15;22;21;20;18;7;8;6;
952,3,15,7,15;19;20;18;7;
953,3,15,7,15;22;20;18;7;
954,3,15,7,15;19;17;16;18;7;
955,3,15,7,15;22;21;20;18;7;
956,3,15,8,15;10;9;8;
957,3,15,8,15;19;17;16;8;
958,3,15,8,15;19;20;18;7;8;
959,3,15,8,15;22;20;18;7;8;
960,3,15,8,15;19;20;18;16;8;
961,3,15,8,15;22;21;20;18;7;8;
962,3,15,9,15;10;9;
963,3,15,10,15;10;
964,3,15,11,15;10;11;
965,3,15,11,15;14;11;
966,3,15,11,15;10;9;5;4;11;
967,3,15,12,15;10;11;12;
968,3,15,12,15;14;11;12;
969,3,15,12,15;10;9;5;4;3;12;
970,3,15,12,15;22;23;24;13;12;
971,3,15,13,15;10;11;12;13;
972,3,15,13,15;14;11;12;13;
973,3,15,13,15;10;9;5;4;3;12;13;
974,3,15,13,15;14;23;24;13;
975,3,15,13,15;22;21;24;13;
976,3,15,13,15;22;23;24;13;
977,3,15,14,15;14;
978,3,15,16,15;19;17;16;
979,3,15,16,15;19;20;18;16;
980,3,15,16,15;22;20;18;16;
981,3,15,16,15;22;21;20;18;16;
982,3,15,17,15;10;17;
983,3,15,17,15;19;17;
984,3,15,18,15;19;20;18;
985,3,15,18,15;22;20;18;
986,3,15,18,15;19;17;16;18;
987,3,15,18,15;22;21;20;18;
988,3,15,19,15;19;
989,3,15,20,15;19;20;
990,3,15,20,15;22;20;
991,3,15,20,15;22;21;20;
992,3,15,20,15;19;17;16;18;20;
993,3,15,21,15;22;21;
994,3,15,21,15;19;20;21;
995,3,15,21,15;22;23;24;21;
996,3,15,22,15;22;
997,3,15,22,15;19;20;22;
998,3,15,23,15;14;23;
999,3,15,23,15;22;23;
1000,3,15,23,15;19;20;22;23;
1001,3,15,23,15;22;21;24;23;
1002,3,15,24,15;14;23;24;
1003,3,15,24,15;22;21;24;
1004,3,15,24,15;22;23;24;
1005,3,15,24,15;19;20;22;23;24;
1006,3,16,1,16;8;6;2;1;
1007,3,16,1,16;10;9;5;4;3;1;
1008,3,16,1,16;18;7;8;6;2;1;
1009,3,16,1,16;18;7;8;9;5;4;3;1;
1010,3,16,2,16;8;6;2;
1011,3,16,2,16;18;7;8;6;2;
1012,3,16,2,16;18;7;8;9;5;4;3;1;2;
1013,3,16,3,16;8;6;2;1;3;
1014,3,16,3,16;8;6;5;4;3;
1015,3,16,3,16;8;9;5;4;3;
1016,3,16,3,16;10;9;5;4;3;
1017,3,16,3,16;18;7;8;6;2;1;3;
1018,3,16,3,16;18;7;8;6;5;4;3;
1019,3,16,3,16;18;7;8;9;5;4;3;
1020,3,16,4,16;8;6;5;4;
1021,3,16,4,16;8;9;5;4;
1022,3,16,4,16;10;9;5;4;
1023,3,16,4,16;18;7;8;6;5;4;
1024,3,16,4,16;18;7;8;9;5;4;
1025,3,16,5,16;8;6;5;
1026,3,16,5,16;8;9;5;
1027,3,16,5,16;10;9;5;
1028,3,16,5,16;18;7;8;6;5;
1029,3,16,5,16;18;7;8;9;5;
1030,3,16,6,16;8;6;
1031,3,16,6,16;18;7;8;6;
1032,3,16,6,16;18;7;8;9;5;6;
1033,3,16,7,16;18;7;
1034,3,16,8,16;8;
1035,3,16,8,16;18;7;8;
1036,3,16,9,16;8;9;
1037,3,16,9,16;10;9;
1038,3,16,9,16;8;6;5;9;
1039,3,16,9,16;18;7;8;9;
1040,3,16,10,16;10;
1041,3,16,10,16;17;10;
1042,3,16,10,16;18;7;8;9;10;
1043,3,16,10,16;18;20;19;15;10;
1044,3,16,10,16;18;20;21;22;15;10;
1045,3,16,11,16;10;11;
1046,3,16,11,16;17;10;11;
1047,3,16,11,16;8;6;2;1;3;12;11;
1048,3,16,11,16;18;7;8;9;5;4;11;
1049,3,16,11,16;18;7;8;9;10;11;
1050,3,16,11,16;17;19;15;14;11;
1051,3,16,12,16;8;6;2;1;3;12;
1052,3,16,12,16;10;11;12;
1053,3,16,12,16;8;6;5;4;3;12;
1054,3,16,12,16;8;9;5;4;3;12;
1055,3,16,12,16;10;9;5;4;3;12;
1056,3,16,12,16;18;7;8;6;2;1;3;12;
1057,3,16,12,16;18;7;8;9;5;4;3;12;
1058,3,16,12,16;18;20;21;24;13;12;
1059,3,16,13,16;8;6;2;1;3;12;13;
1060,3,16,13,16;10;11;12;13;
1061,3,16,13,16;8;6;5;4;3;12;13;
1062,3,16,13,16;10;9;5;4;3;12;13;
1063,3,16,13,16;18;7;8;6;2;1;3;12;13;
1064,3,16,13,16;18;20;21;24;13;
1065,3,16,13,16;18;20;22;23;24;13;
1066,3,16,14,16;17;19;15;14;
1067,3,16,14,16;18;20;19;15;14;
1068,3,16,14,16;18;20;22;23;14;
1069,3,16,14,16;18;20;21;22;15;14;
1070,3,16,14,16;18;20;21;24;23;14;
1071,3,16,15,16;10;15;
1072,3,16,15,16;17;19;15;
1073,3,16,15,16;18;20;19;15;
1074,3,16,15,16;18;20;21;22;15;
1075,3,16,17,16;17;
1076,3,16,17,16;18;20;19;15;10;17;
1077,3,16,18,16;18;
1078,3,16,19,16;17;19;
1079,3,16,19,16;18;20;19;
1080,3,16,19,16;18;20;21;22;15;19;
1081,3,16,20,16;18;20;
1082,3,16,21,16;18;20;21;
1083,3,16,21,16;18;20;22;21;
1084,3,16,21,16;17;19;15;22;21;
1085,3,16,21,16;17;19;15;22;23;24;21;
1086,3,16,22,16;18;20;22;
1087,3,16,22,16;17;19;15;22;
1088,3,16,22,16;18;20;21;22;
1089,3,16,23,16;18;20;22;23;
1090,3,16,23,16;17;19;15;14;23;
1091,3,16,23,16;17;19;15;22;23;
1092,3,16,23,16;18;20;21;24;23;
1093,3,16,24,16;18;20;21;24;
1094,3,16,24,16;18;20;22;23;24;
1095,3,16,24,16;17;19;15;22;21;24;
1096,3,16,24,16;17;19;15;22;23;24;
1097,3,17,1,17;10;11;4;3;1;
1098,3,17,1,17;10;9;5;4;3;1;
1099,3,17,1,17;16;8;6;2;1;
1100,3,17,1,17;10;11;12;3;1;
1101,3,17,2,17;10;9;5;4;3;1;2;
1102,3,17,2,17;16;8;6;2;
1103,3,17,2,17;10;11;12;3;1;2;
1104,3,17,2,17;16;18;7;8;6;2;
1105,3,17,3,17;10;11;4;3;
1106,3,17,3,17;10;9;5;4;3;
1107,3,17,3,17;16;8;6;2;1;3;
1108,3,17,3,17;10;11;12;3;
1109,3,17,3,17;16;8;6;5;4;3;
1110,3,17,4,17;10;11;4;
1111,3,17,4,17;10;9;5;4;
1112,3,17,4,17;16;8;6;5;4;
1113,3,17,5,17;10;9;5;
1114,3,17,5,17;10;11;4;5;
1115,3,17,5,17;16;8;6;5;
1116,3,17,6,17;10;9;5;6;
1117,3,17,6,17;16;8;6;
1118,3,17,6,17;10;11;4;5;6;
1119,3,17,6,17;16;18;7;8;6;
1120,3,17,7,17;10;9;8;7;
1121,3,17,7,17;16;18;7;
1122,3,17,8,17;16;8;
1123,3,17,8,17;10;9;8;
1124,3,17,8,17;16;18;7;8;
1125,3,17,9,17;10;9;
1126,3,17,9,17;16;10;9;
1127,3,17,9,17;19;15;10;9;
1128,3,17,10,17;10;
1129,3,17,10,17;16;10;
1130,3,17,10,17;19;15;10;
1131,3,17,11,17;10;11;
1132,3,17,11,17;16;10;11;
1133,3,17,11,17;19;15;14;11;
1134,3,17,12,17;10;11;12;
1135,3,17,12,17;10;9;5;4;3;12;
1136,3,17,12,17;16;10;11;12;
1137,3,17,12,17;16;8;6;5;4;3;12;
1138,3,17,12,17;19;15;14;11;12;
1139,3,17,13,17;10;11;12;13;
1140,3,17,13,17;10;9;5;4;3;12;13;
1141,3,17,13,17;16;8;6;5;4;3;12;13;
1142,3,17,13,17;19;15;14;11;12;13;
1143,3,17,13,17;19;15;22;21;24;13;
1144,3,17,14,17;10;15;14;
1145,3,17,14,17;19;15;14;
1146,3,17,15,17;10;15;
1147,3,17,15,17;19;15;
1148,3,17,16,17;16;
1149,3,17,16,17;10;15;19;20;18;16;
1150,3,17,18,17;16;18;
1151,3,17,18,17;10;15;19;20;18;
1152,3,17,19,17;19;
1153,3,17,19,17;10;15;19;
1154,3,17,20,17;19;20;
1155,3,17,20,17;16;18;20;
1156,3,17,20,17;10;15;19;20;
1157,3,17,20,17;10;15;22;21;20;
1158,3,17,21,17;10;15;22;21;
1159,3,17,21,17;16;18;20;21;
1160,3,17,21,17;19;15;22;21;
1161,3,17,21,17;10;15;19;20;21;
1162,3,17,21,17;19;15;22;23;24;21;
1163,3,17,22,17;10;15;22;
1164,3,17,22,17;19;15;22;
1165,3,17,22,17;10;15;19;20;22;
1166,3,17,23,17;19;15;14;23;
1167,3,17,23,17;19;15;22;23;
1168,3,17,23,17;10;15;19;20;22;23;
1169,3,17,23,17;10;15;22;21;24;23;
1170,3,17,23,17;19;15;22;21;24;23;
1171,3,17,24,17;10;15;22;21;24;
1172,3,17,24,17;19;15;14;23;24;
1173,3,17,24,17;16;18;20;21;24;
1174,3,17,24,17;19;15;22;21;24;
1175,3,17,24,17;19;15;22;23;24;
1176,3,17,24,17;10;15;19;20;22;23;24;
1177,3,18,1,18;7;8;6;2;1;
1178,3,18,1,18;16;8;6;2;1;
1179,3,18,1,18;7;8;9;5;4;3;1;
1180,3,18,4,18;7;8;6;5;4;
1181,3,18,4,18;7;8;9;5;4;
1182,3,18,4,18;16;8;6;5;4;
1183,3,18,4,18;16;10;9;5;4;
1184,3,18,6,18;7;8;6;
1185,3,18,6,18;16;8;6;
1186,3,18,6,18;7;8;9;5;6;
1187,3,18,7,18;7;
1188,3,18,8,18;7;8;
1189,3,18,8,18;16;8;
1190,3,18,9,18;7;8;9;
1191,3,18,9,18;7;8;6;5;9;
1192,3,18,9,18;16;10;9;
1193,3,18,9,18;16;8;6;5;9;
1194,3,18,10,18;16;10;
1195,3,18,10,18;7;8;9;10;
1196,3,18,10,18;16;17;10;
1197,3,18,10,18;20;19;15;10;
1198,3,18,10,18;20;21;22;15;10;
1199,3,18,11,18;16;10;11;
1200,3,18,11,18;7;8;9;5;4;11;
1201,3,18,11,18;7;8;9;10;11;
1202,3,18,11,18;7;8;6;2;1;3;12;11;
1203,3,18,11,18;16;17;10;11;
1204,3,18,11,18;16;17;19;15;14;11;
1205,3,18,12,18;7;8;6;2;1;3;12;
1206,3,18,12,18;7;8;6;5;4;3;12;
1207,3,18,12,18;7;8;9;5;4;3;12;
1208,3,18,12,18;16;10;11;12;
1209,3,18,12,18;16;8;6;5;4;3;12;
1210,3,18,12,18;16;10;9;5;4;3;12;
1211,3,18,12,18;20;21;24;13;12;
1212,3,18,13,18;7;8;6;2;1;3;12;13;
1213,3,18,13,18;16;8;6;5;4;3;12;13;
1214,3,18,13,18;20;21;24;13;
1215,3,18,13,18;20;22;23;24;13;
1216,3,18,14,18;20;19;15;14;
1217,3,18,14,18;20;22;23;14;
1218,3,18,14,18;16;17;19;15;14;
1219,3,18,14,18;20;21;22;15;14;
1220,3,18,14,18;20;21;24;23;14;
1221,3,18,15,18;20;19;15;
1222,3,18,15,18;20;22;15;
1223,3,18,15,18;16;17;19;15;
1224,3,18,15,18;20;21;22;15;
1225,3,18,16,18;16;
1226,3,18,17,18;16;17;
1227,3,18,17,18;20;19;15;10;17;
1228,3,18,19,18;20;19;
1229,3,18,19,18;16;17;19;
1230,3,18,19,18;20;21;22;15;19;
1231,3,18,20,18;20;
1232,3,18,21,18;20;21;
1233,3,18,21,18;20;22;21;
1234,3,18,21,18;16;17;19;15;22;23;24;21;
1235,3,18,22,18;20;22;
1236,3,18,22,18;20;21;22;
1237,3,18,22,18;16;17;19;15;22;
1238,3,18,23,18;20;22;23;
1239,3,18,23,18;20;21;24;23;
1240,3,18,23,18;16;17;19;15;14;23;
1241,3,18,23,18;16;17;19;15;22;23;
1242,3,19,1,19;15;10;11;4;3;1;
1243,3,19,1,19;15;10;9;5;4;3;1;
1244,3,19,1,19;17;16;8;6;2;1;
1245,3,19,1,19;15;10;11;12;3;1;
1246,3,19,1,19;15;14;11;12;3;1;
1247,3,19,2,19;15;10;9;5;4;3;1;2;
1248,3,19,2,19;17;16;8;6;2;
1249,3,19,2,19;20;18;7;8;6;2;
1250,3,19,2,19;20;18;16;8;6;2;
1251,3,19,2,19;15;22;21;20;18;7;8;6;2;
1252,3,19,4,19;15;10;11;4;
1253,3,19,4,19;15;10;9;5;4;
1254,3,19,4,19;17;16;8;6;5;4;
1255,3,19,4,19;15;14;11;12;3;4;
1256,3,19,5,19;15;10;9;5;
1257,3,19,5,19;15;10;11;4;5;
1258,3,19,5,19;17;16;8;6;5;
1259,3,19,6,19;15;10;9;5;6;
1260,3,19,6,19;17;16;8;6;
1261,3,19,6,19;20;18;7;8;6;
1262,3,19,6,19;20;18;16;8;6;
1263,3,19,6,19;15;22;21;20;18;7;8;6;
1264,3,19,7,19;20;18;7;
1265,3,19,7,19;17;16;18;7;
1266,3,19,7,19;15;22;21;20;18;7;
1267,3,19,8,19;17;16;8;
1268,3,19,8,19;20;18;7;8;
1269,3,19,8,19;20;18;16;8;
1270,3,19,8,19;15;22;21;20;18;7;8;
1271,3,19,9,19;15;10;9;
1272,3,19,9,19;17;16;10;9;
1273,3,19,10,19;15;10;
1274,3,19,10,19;17;16;10;
1275,3,19,11,19;15;10;11;
1276,3,19,11,19;15;14;11;
1277,3,19,11,19;15;10;9;5;4;11;
1278,3,19,12,19;15;10;11;12;
1279,3,19,12,19;15;14;11;12;
1280,3,19,12,19;15;10;9;5;4;3;12;
1281,3,19,12,19;15;22;23;24;13;12;
1282,3,19,13,19;15;10;11;12;13;
1283,3,19,13,19;15;14;11;12;13;
1284,3,19,13,19;15;10;9;5;4;3;12;13;
1285,3,19,13,19;15;14;23;24;13;
1286,3,19,13,19;15;22;21;24;13;
1287,3,19,13,19;15;22;23;24;13;
1288,3,19,14,19;15;14;
1289,3,19,14,19;20;22;23;14;
1290,3,19,15,19;15;
1291,3,19,16,19;17;16;
1292,3,19,16,19;20;18;16;
1293,3,19,16,19;15;22;21;20;18;16;
1294,3,19,17,19;17;
1295,3,19,17,19;15;10;17;
1296,3,19,18,19;20;18;
1297,3,19,18,19;17;16;18;
1298,3,19,18,19;15;22;21;20;18;
1299,3,19,20,19;20;
1300,3,19,20,19;17;16;18;20;
1301,3,19,20,19;15;22;21;20;
1302,3,19,21,19;20;21;
1303,3,19,21,19;15;22;21;
1304,3,19,21,19;15;22;23;24;21;
1305,3,19,22,19;15;22;
1306,3,19,22,19;20;22;
1307,3,19,23,19;15;14;23;
1308,3,19,23,19;15;22;23;
1309,3,19,23,19;20;22;23;
1310,3,19,23,19;15;22;21;24;23;
1311,3,19,24,19;15;14;23;24;
1312,3,19,24,19;15;22;21;24;
1313,3,19,24,19;15;22;23;24;
1314,3,19,24,19;20;22;23;24;
1315,3,20,1,20;18;7;8;6;2;1;
1316,3,20,1,20;18;16;8;6;2;1;
1317,3,20,1,20;18;7;8;9;5;4;3;1;
1318,3,20,1,20;19;15;10;9;5;4;3;1;
1319,3,20,2,20;18;7;8;6;2;
1320,3,20,2,20;18;16;8;6;2;
1321,3,20,2,20;19;15;10;9;5;4;3;1;2;
1322,3,20,4,20;18;7;8;6;5;4;
1323,3,20,4,20;18;7;8;9;5;4;
1324,3,20,4,20;18;16;8;6;5;4;
1325,3,20,4,20;19;15;10;9;5;4;
1326,3,20,5,20;18;7;8;6;5;
1327,3,20,5,20;18;7;8;9;5;
1328,3,20,5,20;18;16;8;6;5;
1329,3,20,5,20;19;15;10;9;5;
1330,3,20,6,20;18;7;8;6;
1331,3,20,6,20;18;16;8;6;
1332,3,20,6,20;19;15;10;9;5;6;
1333,3,20,7,20;18;7;
1334,3,20,8,20;18;7;8;
1335,3,20,8,20;18;16;8;
1336,3,20,9,20;18;7;8;9;
1337,3,20,9,20;18;16;10;9;
1338,3,20,9,20;18;16;8;6;5;9;
1339,3,20,9,20;21;22;15;10;9;
1340,3,20,10,20;18;16;10;
1341,3,20,10,20;18;7;8;9;10;
1342,3,20,10,20;21;22;15;10;
1343,3,20,11,20;18;16;10;11;
1344,3,20,11,20;19;15;14;11;
1345,3,20,11,20;18;7;8;9;10;11;
1346,3,20,11,20;19;15;10;9;5;4;11;
1347,3,20,11,20;21;22;15;10;11;
1348,3,20,11,20;21;22;15;14;11;
1349,3,20,11,20;18;16;17;19;15;14;11;
1350,3,20,12,20;18;7;8;6;2;1;3;12;
1351,3,20,12,20;18;16;8;6;5;4;3;12;
1352,3,20,12,20;21;24;13;12;
1353,3,20,12,20;22;23;24;13;12;
1354,3,20,13,20;21;24;13;
1355,3,20,13,20;18;7;8;6;2;1;3;12;13;
1356,3,20,13,20;18;16;8;6;5;4;3;12;13;
1357,3,20,13,20;22;23;24;13;
1358,3,20,14,20;19;15;14;
1359,3,20,14,20;22;23;14;
1360,3,20,14,20;21;22;15;14;
1361,3,20,14,20;21;24;23;14;
1362,3,20,14,20;18;16;17;19;15;14;
1363,3,20,15,20;19;15;
1364,3,20,15,20;22;15;
1365,3,20,15,20;21;22;15;
1366,3,20,15,20;18;16;17;19;15;
1367,3,20,16,20;18;16;
1368,3,20,17,20;19;17;
1369,3,20,17,20;18;16;17;
1370,3,20,17,20;19;15;10;17;
1371,3,20,17,20;21;22;15;10;17;
1372,3,20,18,20;18;
1373,3,20,19,20;19;
1374,3,20,19,20;18;16;17;19;
1375,3,20,19,20;21;22;15;19;
1376,3,20,21,20;21;
1377,3,20,21,20;22;21;
1378,3,20,21,20;22;23;24;21;
1379,3,20,22,20;22;
1380,3,20,22,20;21;22;
1381,3,20,22,20;18;16;17;19;15;22;
1382,3,20,23,20;22;23;
1383,3,20,23,20;21;24;23;
1384,3,20,23,20;18;16;17;19;15;14;23;
1385,3,20,24,20;21;24;
1386,3,20,24,20;22;23;24;
1387,3,21,1,21;24;13;12;3;1;
1388,3,21,1,21;20;18;7;8;6;2;1;
1389,3,21,1,21;20;19;15;10;9;5;4;3;1;
1390,3,21,4,21;24;13;12;3;4;
1391,3,21,4,21;20;18;7;8;6;5;4;
1392,3,21,4,21;20;19;15;10;9;5;4;
1393,3,21,5,21;24;13;12;3;4;5;
1394,3,21,5,21;22;15;10;9;5;
1395,3,21,5,21;20;18;7;8;6;5;
1396,3,21,5,21;20;19;15;10;9;5;
1397,3,21,6,21;20;18;7;8;6;
1398,3,21,6,21;24;13;12;3;4;5;6;
1399,3,21,6,21;20;18;16;8;6;
1400,3,21,6,21;20;19;15;10;9;5;6;
1401,3,21,6,21;22;15;19;17;16;8;6;
1402,3,21,7,21;20;18;7;
1403,3,21,7,21;22;15;19;17;16;18;7;
1404,3,21,8,21;20;18;7;8;
1405,3,21,8,21;20;18;16;8;
1406,3,21,8,21;22;15;19;17;16;8;
1407,3,21,9,21;22;15;10;9;
1408,3,21,9,21;24;13;12;3;4;5;9;
1409,3,21,9,21;20;19;15;10;9;
1410,3,21,10,21;22;15;10;
1411,3,21,10,21;20;19;15;10;
1412,3,21,10,21;24;13;12;3;4;5;9;10;
1413,3,21,11,21;22;15;10;11;
1414,3,21,11,21;22;15;14;11;
1415,3,21,11,21;24;13;12;3;4;11;
1416,3,21,11,21;24;23;14;11;
1417,3,21,11,21;20;19;15;10;9;5;4;11;
1418,3,21,12,21;24;13;12;
1419,3,21,12,21;22;15;14;11;12;
1420,3,21,12,21;20;22;23;24;13;12;
1421,3,21,13,21;24;13;
1422,3,21,13,21;20;22;23;24;13;
1423,3,21,14,21;22;15;14;
1424,3,21,14,21;24;23;14;
1425,3,21,14,21;20;22;23;14;
1426,3,21,15,21;22;15;
1427,3,21,15,21;20;19;15;
1428,3,21,16,21;20;18;16;
1429,3,21,16,21;22;15;19;17;16;
1430,3,21,17,21;22;15;10;17;
1431,3,21,17,21;20;18;16;17;
1432,3,21,17,21;22;15;19;17;
1433,3,21,17,21;20;19;15;10;17;
1434,3,21,18,21;20;18;
1435,3,21,18,21;22;15;19;17;16;18;
1436,3,21,19,21;20;19;
1437,3,21,19,21;22;15;19;
1438,3,21,20,21;20;
1439,3,21,20,21;22;20;
1440,3,21,22,21;22;
1441,3,21,22,21;20;22;
1442,3,21,23,21;24;23;
1443,3,21,23,21;20;22;23;
1444,3,21,24,21;24;
1445,3,21,24,21;20;22;23;24;
1446,3,22,1,22;15;14;11;12;3;1;
1447,3,22,1,22;21;24;13;12;3;1;
1448,3,22,1,22;23;24;13;12;3;1;
1449,3,22,1,22;21;20;18;7;8;6;2;1;
1450,3,22,2,22;20;18;7;8;6;2;
1451,3,22,2,22;20;18;16;8;6;2;
1452,3,22,2,22;21;24;13;12;3;1;2;
1453,3,22,2,22;23;24;13;12;3;1;2;
1454,3,22,2,22;21;20;18;7;8;6;2;
1455,3,22,2,22;15;19;17;16;8;6;2;
1456,3,22,3,22;15;14;11;12;3;
1457,3,22,3,22;21;24;13;12;3;
1458,3,22,3,22;23;24;13;12;3;
1459,3,22,4,22;15;10;11;4;
1460,3,22,4,22;15;10;9;5;4;
1461,3,22,4,22;15;14;11;4;
1462,3,22,4,22;15;14;11;12;3;4;
1463,3,22,4,22;21;24;13;12;3;4;
1464,3,22,4,22;23;24;13;12;3;4;
1465,3,22,4,22;20;19;15;10;9;5;4;
1466,3,22,5,22;15;10;9;5;
1467,3,22,5,22;15;10;11;4;5;
1468,3,22,5,22;15;14;11;4;5;
1469,3,22,5,22;20;19;15;10;9;5;
1470,3,22,5,22;23;24;13;12;3;4;5;
1471,3,22,5,22;21;20;18;7;8;6;5;
1472,3,22,6,22;15;10;9;5;6;
1473,3,22,6,22;20;18;7;8;6;
1474,3,22,6,22;20;18;16;8;6;
1475,3,22,6,22;21;20;18;7;8;6;
1476,3,22,6,22;15;19;17;16;8;6;
1477,3,22,6,22;20;19;15;10;9;5;6;
1478,3,22,6,22;23;24;13;12;3;4;5;6;
1479,3,22,7,22;20;18;7;
1480,3,22,7,22;21;20;18;7;
1481,3,22,7,22;15;19;17;16;18;7;
1482,3,22,8,22;20;18;7;8;
1483,3,22,8,22;20;18;16;8;
1484,3,22,8,22;21;20;18;7;8;
1485,3,22,8,22;15;19;17;16;8;
1486,3,22,9,22;15;10;9;
1487,3,22,9,22;20;19;15;10;9;
1488,3,22,10,22;15;10;
1489,3,22,10,22;20;19;15;10;
1490,3,22,11,22;15;10;11;
1491,3,22,11,22;15;14;11;
1492,3,22,11,22;23;14;11;
1493,3,22,11,22;23;24;13;12;3;4;11;
1494,3,22,11,22;20;19;15;10;9;5;4;11;
1495,3,22,12,22;15;14;11;12;
1496,3,22,12,22;21;24;13;12;
1497,3,22,12,22;23;24;13;12;
1498,3,22,13,22;21;24;13;
1499,3,22,13,22;23;24;13;
1500,3,22,13,22;15;14;11;12;13;
1501,3,22,14,22;15;14;
1502,3,22,14,22;23;14;
1503,3,22,15,22;15;
1504,3,22,15,22;20;19;15;
1505,3,22,16,22;20;18;16;
1506,3,22,16,22;15;19;17;16;
1507,3,22,16,22;21;20;18;16;
1508,3,22,17,22;15;10;17;
1509,3,22,17,22;15;19;17;
1510,3,22,17,22;20;19;15;10;17;
1511,3,22,18,22;20;18;
1512,3,22,18,22;21;20;18;
1513,3,22,18,22;15;19;17;16;18;
1514,3,22,19,22;15;19;
1515,3,22,19,22;20;19;
1516,3,22,20,22;20;
1517,3,22,20,22;21;20;
1518,3,22,20,22;15;19;17;16;18;20;
1519,3,22,21,22;21;
1520,3,22,21,22;20;21;
1521,3,22,21,22;23;24;21;
1522,3,22,23,22;23;
1523,3,22,23,22;21;24;23;
1524,3,22,24,22;21;24;
1525,3,22,24,22;23;24;
1526,3,23,1,23;14;11;12;3;1;
1527,3,23,1,23;24;13;12;3;1;
1528,3,23,3,23;14;11;12;3;
1529,3,23,3,23;24;13;12;3;
1530,3,23,4,23;14;11;4;
1531,3,23,4,23;14;11;12;3;4;
1532,3,23,4,23;24;13;12;3;4;
1533,3,23,5,23;14;11;4;5;
1534,3,23,5,23;14;11;12;3;4;5;
1535,3,23,5,23;24;13;12;3;4;5;
1536,3,23,6,23;14;11;4;5;6;
1537,3,23,6,23;14;11;12;3;1;2;6;
1538,3,23,6,23;24;13;12;3;1;2;6;
1539,3,23,6,23;24;13;12;3;4;5;6;
1540,3,23,6,23;24;21;20;18;7;8;6;
1541,3,23,7,23;22;20;18;7;
1542,3,23,7,23;24;21;20;18;7;
1543,3,23,7,23;14;15;19;17;16;18;7;
1544,3,23,7,23;22;15;19;17;16;18;7;
1545,3,23,8,23;22;20;18;7;8;
1546,3,23,8,23;14;15;19;17;16;8;
1547,3,23,8,23;22;15;19;17;16;8;
1548,3,23,8,23;24;21;20;18;7;8;
1549,3,23,8,23;24;21;20;18;16;8;
1550,3,23,9,23;14;11;10;9;
1551,3,23,9,23;14;15;10;9;
1552,3,23,9,23;22;15;10;9;
1553,3,23,9,23;24;13;12;3;4;5;9;
1554,3,23,9,23;22;20;19;15;10;9;
1555,3,23,10,23;14;11;10;
1556,3,23,10,23;14;15;10;
1557,3,23,10,23;22;15;10;
1558,3,23,10,23;22;20;19;15;10;
1559,3,23,11,23;14;11;
1560,3,23,11,23;24;13;12;3;4;11;
1561,3,23,12,23;14;11;12;
1562,3,23,12,23;24;13;12;
1563,3,23,13,23;24;13;
1564,3,23,13,23;14;11;12;13;
1565,3,23,14,23;14;
1566,3,23,15,23;14;15;
1567,3,23,15,23;22;15;
1568,3,23,15,23;22;20;19;15;
1569,3,23,16,23;22;20;18;16;
1570,3,23,16,23;14;15;19;17;16;
1571,3,23,16,23;22;15;19;17;16;
1572,3,23,16,23;24;21;20;18;16;
1573,3,23,17,23;14;15;10;17;
1574,3,23,17,23;14;15;19;17;
1575,3,23,17,23;22;15;19;17;
1576,3,23,17,23;22;20;19;15;10;17;
1577,3,23,18,23;22;20;18;
1578,3,23,18,23;24;21;20;18;
1579,3,23,18,23;14;15;19;17;16;18;
1580,3,23,18,23;22;15;19;17;16;18;
1581,3,23,19,23;14;15;19;
1582,3,23,19,23;22;15;19;
1583,3,23,19,23;22;20;19;
1584,3,23,20,23;22;20;
1585,3,23,20,23;24;21;20;
1586,3,23,20,23;14;15;19;17;16;18;20;
1587,3,23,21,23;24;21;
1588,3,23,21,23;22;20;21;
1589,3,23,22,23;22;
1590,3,23,22,23;24;21;22;
1591,3,23,24,23;24;
1592,3,24,1,24;13;12;3;1;
1593,3,24,1,24;23;14;11;12;3;1;
1594,3,24,4,24;13;12;3;4;
1595,3,24,4,24;23;14;11;12;3;4;
1596,3,24,6,24;13;12;3;1;2;6;
1597,3,24,6,24;13;12;3;4;5;6;
1598,3,24,6,24;21;20;18;7;8;6;
1599,3,24,7,24;21;20;18;7;
1600,3,24,7,24;23;22;20;18;7;
1601,3,24,7,24;21;22;15;19;17;16;18;7;
1602,3,24,7,24;23;22;15;19;17;16;18;7;
1603,3,24,8,24;13;12;3;4;5;6;8;
1604,3,24,8,24;21;20;18;7;8;
1605,3,24,8,24;21;20;18;16;8;
1606,3,24,8,24;23;22;20;18;7;8;
1607,3,24,8,24;21;22;15;19;17;16;8;
1608,3,24,9,24;13;12;3;4;5;9;
1609,3,24,9,24;23;14;11;10;9;
1610,3,24,9,24;21;22;15;10;9;
1611,3,24,9,24;23;22;20;19;15;10;9;
1612,3,24,10,24;13;12;3;4;5;9;10;
1613,3,24,10,24;23;14;11;10;
1614,3,24,10,24;23;14;15;10;
1615,3,24,10,24;21;22;15;10;
1616,3,24,10,24;23;22;15;10;
1617,3,24,10,24;23;22;20;19;15;10;
1618,3,24,11,24;13;12;3;4;11;
1619,3,24,11,24;23;14;11;
1620,3,24,12,24;13;12;
1621,3,24,12,24;23;14;11;12;
1622,3,24,13,24;13;
1623,3,24,14,24;23;14;
1624,3,24,15,24;23;14;15;
1625,3,24,15,24;21;22;15;
1626,3,24,15,24;23;22;15;
1627,3,24,15,24;23;22;20;19;15;
1628,3,24,16,24;21;20;18;16;
1629,3,24,16,24;23;22;20;18;16;
1630,3,24,16,24;21;22;15;19;17;16;
1631,3,24,16,24;23;22;15;19;17;16;
1632,3,24,17,24;21;22;15;10;17;
1633,3,24,17,24;23;14;15;19;17;
1634,3,24,17,24;21;20;18;16;17;
1635,3,24,17,24;21;22;15;19;17;
1636,3,24,17,24;23;22;15;19;17;
1637,3,24,17,24;23;22;20;19;15;10;17;
1638,3,24,19,24;23;14;15;19;
1639,3,24,19,24;21;22;15;19;
1640,3,24,19,24;23;22;15;19;
1641,3,24,19,24;23;22;20;19;
1642,3,24,20,24;21;20;
1643,3,24,20,24;23;22;20;
1644,3,24,21,24;21;
1645,3,24,21,24;23;22;20;21;
1646,3,24,22,24;21;22;
1647,3,24,22,24;23;22;
1648,3,24,23,24;23;
